url_path,views_total,views_unique
/marcelcastrobr/my_ml_notes,1,1
/marcelcastrobr/my_ml_notes/blob/github-repo-stats/marcelcastrobr/my_ml_notes/ghrs-data/snapshots/2024-01-11_231212_top_paths_snapshot.csv,1,1
/marcelcastrobr/my_ml_notes/blob/github-repo-stats/marcelcastrobr/my_ml_notes/ghrs-data/snapshots/2024-02-17_231040_top_paths_snapshot.csv,1,1
/marcelcastrobr/my_ml_notes/blob/github-repo-stats/marcelcastrobr/my_ml_notes/latest-report/report.html,1,1
/marcelcastrobr/my_ml_notes/tree/github-repo-stats,1,1
/marcelcastrobr/my_ml_notes/tree/github-repo-stats/marcelcastrobr/my_ml_notes,1,1
/marcelcastrobr/my_ml_notes/tree/github-repo-stats/marcelcastrobr/my_ml_notes/ghrs-data,1,1
/marcelcastrobr/my_ml_notes/tree/github-repo-stats/marcelcastrobr/my_ml_notes/ghrs-data/snapshots,1,1
/marcelcastrobr/my_ml_notes/tree/github-repo-stats/marcelcastrobr/my_ml_notes/latest-report,1,1
